{
	"partitions" : [
		{
			"name" : "Top",
			"pins" : [
				{
					"name" : "i",
					"strict" : false
				},
				{
					"name" : "s[0]",
					"strict" : false
				},
				{
					"name" : "s[2]",
					"strict" : false
				},
				{
					"name" : "s[3]",
					"strict" : false
				},
				{
					"name" : "s[4]",
					"strict" : false
				},
				{
					"name" : "s[6]",
					"strict" : false
				},
				{
					"name" : "V[2]",
					"strict" : false
				},
				{
					"name" : "V[3]",
					"strict" : false
				},
				{
					"name" : "V[4]",
					"strict" : false
				},
				{
					"name" : "V[5]",
					"strict" : false
				},
				{
					"name" : "H",
					"strict" : false
				},
				{
					"name" : "clk",
					"strict" : false
				},
				{
					"name" : "T[2]",
					"strict" : false
				},
				{
					"name" : "T[3]",
					"strict" : false
				},
				{
					"name" : "T[4]",
					"strict" : false
				}
			]
		}
	]
}